Title,Date
Nobody,2023-03-22
Xtreme,2023-03-22
John Wick: Chapter 3 - Parabellum,2023-03-22
Next,2023-03-20
My Hero Academia: Season 6: A Young Woman’s Declaration,2023-03-19
Money Shot: The Pornhub Story,2023-03-17
Wu Kong,2023-03-17
Luther: The Fallen Sun,2023-03-17
Entrapment,2023-03-15
MH370: The Plane That Disappeared: Limited Series: The Pilot,2023-03-15
The Glory: Episode 16,2023-03-14
The Glory: Episode 15,2023-03-14
The Glory: Episode 14,2023-03-14
The Glory: Episode 13,2023-03-14
The Glory: Episode 12,2023-03-14
The Glory: Episode 11,2023-03-13
The Glory: Episode 10,2023-03-13
The Glory: Episode 9,2023-03-12
My Hero Academia: Season 6: Deku Vs Class A,2023-03-12
Respeto,2023-03-09
Sex/Life: Season 1: The Wives Are in Connecticut,2023-03-07
My Hero Academia: Season 6: Friends,2023-03-05
Attack on Titan: The Final Season Part 3: First Half,2023-03-04
All of Us Are Dead: Season 1: Episode 2,2023-03-02
You: Season 3: And They Lived Happily Ever After,2023-03-02
Somebody: Episode 1,2023-03-01
Somebody: Episode 8,2023-03-01
Somebody: Episode 7,2023-03-01
Somebody: Episode 5,2023-03-01
Somebody: Episode 3,2023-03-01
Somebody: Episode 2,2023-03-01
My Hero Academia: Season 6: The Lovely Lady Nagant,2023-02-26
Mission: Impossible - Ghost Protocol,2023-02-23
Mission: Impossible - Rogue Nation,2023-02-23
The Bank Job,2023-02-23
Mission: Impossible II,2023-02-23
Mission: Impossible - Fallout,2023-02-21
Run All Night,2023-02-20
My Hero Academia: Season 6: Assassin,2023-02-19
"You: Season 2: Love, Actually",2023-02-14
You: Season 2: P.I. Joe,2023-02-14
You: Season 2: Fear and Loathing in Beverly Hills,2023-02-14
You: Season 2: Ex-istential Crisis,2023-02-14
"You: Season 2: Farewell, My Bunny",2023-02-14
"You: Season 2: Have a Good Wellkend, Joe!",2023-02-14
"You: Season 2: The Good, the Bad, & the Hendy",2023-02-13
You: Season 2: What Are Friends For?,2023-02-13
You: Season 2: Just the Tip,2023-02-13
You: Season 2: A Fresh Start,2023-02-13
You: Season 1: Bluebeard's Castle,2023-02-13
You: Season 1: Candace,2023-02-13
"You: Season 1: You Got Me, Babe",2023-02-13
You: Season 1: Everythingship,2023-02-13
You: Season 1: Amour Fou,2023-02-13
You: Season 1: Living with the Enemy,2023-02-13
You: Season 1: The Captain,2023-02-12
You: Season 1: Maybe,2023-02-12
You: Season 1: The Last Nice Guy in New York,2023-02-12
You: Season 1: Pilot,2023-02-12
Glass Onion: A Knives Out Mystery,2023-02-12
Army of the Dead,2023-02-12
Army of Thieves,2023-02-12
My Hero Academia: Season 6: Full Power!!,2023-02-11
S.W.A.T.: Under Siege,2023-02-11
Polar,2023-02-11
Texas Chainsaw Massacre,2023-02-06
No One Gets Out Alive,2023-02-06
Gonjiam: Haunted Asylum,2023-02-06
My Hero Academia: Season 6: Izuku Midoriya and Tomura Shigaraki,2023-02-04
Jack Reacher: Never Go Back,2023-02-04
The Eye,2023-02-04
My Hero Academia: Season 1: Izuku Midoriya: Origin,2023-02-04
Jack Reacher,2023-02-04
 ,2023-02-04
Z Nation: Season 1: Puppies and Kittens,2023-02-04
The Sum of All Fears,2023-02-03
Mystic River,2023-02-01
Unhinged,2023-02-01
London Has Fallen,2023-01-31
Kidnap,2023-01-30
Air Force The Movie: Danger Close,2023-01-29
My Hero Academia: Season 6: The Wrong Way to Put Out a Fire,2023-01-28
My Hero Academia: Season 6: The Hellish Todoroki Family 2,2023-01-28
Record of Ragnarok: Season 2: The Brink,2023-01-28
Record of Ragnarok: Season 2: Resonance,2023-01-28
Record of Ragnarok: Season 2: The Pinnacle of 1116,2023-01-28
Record of Ragnarok: Season 2: Hundred Seals,2023-01-28
Record of Ragnarok: Season 2: Conflicting Motives,2023-01-28
Record of Ragnarok: Season 2: Requiem,2023-01-28
Record of Ragnarok: Season 2: The Final Labor,2023-01-28
Record of Ragnarok: Season 2: Birth of a Monster,2023-01-28
Record of Ragnarok: Season 2: The Indomitable War God,2023-01-28
Record of Ragnarok: Season 2: Good vs. Evil,2023-01-28
Record of Ragnarok: Season 1: Ragnarok,2023-01-28
#Alive,2023-01-22
Skylines,2023-01-22
My Hero Academia: Season 6: Episode 128,2023-01-21
My Hero Academia: World Heroes' Mission,2023-01-21
The Glory: Episode 8,2023-01-18
The Glory: Episode 7,2023-01-18
The Glory: Episode 6,2023-01-17
Miracle in Cell No. 7,2023-01-17
The Glory: Episode 5,2023-01-16
The Glory: Episode 4,2023-01-16
The Glory: Episode 3,2023-01-15
The Glory: Episode 2,2023-01-15
The Glory: Episode 1,2023-01-15
Dog Gone,2023-01-15
King of Beggars,2023-01-14
My Hero Academia: Season 6: Hellish Hell,2023-01-14
Escape Plan 2: Hades,2023-01-11
Don't Be a Menace to South Central While Drinking Your Juice in the Hood,2023-01-11
Ajin: Demi-Human,2023-01-09
Soólè,2023-01-09
Terminator Genisys,2023-01-09
Crime Story,2023-01-09
The Other Guys,2023-01-08
Seven Sundays,2023-01-08
Jupiter Ascending,2023-01-07
Knives Out,2023-01-07
The Snowman,2023-01-05
Kaleidoscope: Limited Series: White (The Heist),2023-01-05
Kaleidoscope: Limited Series: Pink (6 Months After the Heist),2023-01-04
Kaleidoscope: Limited Series: Red (The Morning After the Heist),2023-01-04
Kaleidoscope: Limited Series: Violet (24 Years Before the Heist),2023-01-04
White House Down,2023-01-04
Kaleidoscope: Limited Series: Orange (3 Weeks Before the Heist),2023-01-04
Kaleidoscope: Limited Series: Blue (5 Days Before the Heist),2023-01-04
Me Time,2023-01-04
Kaleidoscope: Limited Series: Green (7 Years Before the Heist),2023-01-04
Kaleidoscope: Limited Series: Yellow (6 Weeks Before the Heist),2023-01-04
Kaleidoscope: Limited Series: Black,2023-01-04
Gran Torino,2022-12-31
Snakes on a Plane,2022-12-31
Clarita,2022-12-30
Wednesday: Season 1: A Murder of Woes,2022-12-30
Wednesday: Season 1: If You Don't Woe Me by Now,2022-12-30
Wednesday: Season 1: Quid Pro Woe,2022-12-30
Wednesday: Season 1: You Reap What You Woe,2022-12-30
Wednesday: Season 1: Woe What a Night,2022-12-29
Wednesday: Season 1: Friend or Woe,2022-12-29
Wednesday: Season 1: Woe Is the Loneliest Number,2022-12-29
Wednesday: Season 1: Wednesday's Child Is Full of Woe,2022-12-29
Alice in Borderland: Season 2: Episode 8,2022-12-28
Deleted,2022-12-28
Earthstorm: Tornado,2022-12-28
Alice in Borderland: Season 2: Episode 7,2022-12-28
Alice in Borderland: Season 2: Episode 6,2022-12-28
Alice in Borderland: Season 2: Episode 5,2022-12-27
"The Witcher: Blood Origin: Limited Series: Of Mages, Malice, and Monstrous Mayhem",2022-12-27
"The Witcher: Blood Origin: Limited Series: Of Warriors, Wakes, and Wondrous Worlds",2022-12-27
"The Witcher: Blood Origin: Limited Series: Of Dreams, Defiance, and Desperate Deeds",2022-12-27
"The Witcher: Blood Origin: Limited Series: Of Ballads, Brawlers, and Bloodied Blades",2022-12-27
Alice in Borderland: Season 2: Episode 4,2022-12-26
Alice in Borderland: Season 2: Episode 3,2022-12-26
Alice in Borderland: Season 2: Episode 2,2022-12-25
SPY x FAMILY: First Contact,2022-12-25
I AM A KILLER: Season 4: Friendly Fire,2022-12-25
I AM A KILLER: Season 4: The Bogeyman,2022-12-25
Jujutsu Kaisen 0: The Movie,2022-12-24
My Hero Academia: Season 6: Last Stage,2022-12-24
Alice in Borderland: Season 2: Episode 1,2022-12-24
Mako,2022-12-24
Blue Lock: Dream,2022-12-22
The Sandman: Sleep of the Just,2022-12-22
Alice in Borderland: Season 1: Episode 8,2022-12-22
I AM A KILLER: Season 4: A Father's Shadow,2022-12-22
I AM A KILLER: Season 4: Serving Time,2022-12-22
I AM A KILLER: Season 4: A Mother’s Love,2022-12-22
I AM A KILLER: Season 4: Family Matters,2022-12-21
The Volcano: Rescue from Whakaari,2022-12-20
SPY x FAMILY: Mother and Wife/Friends and Groceries,2022-12-20
SPY x FAMILY: The Unshaken Path,2022-12-20
SPY x FAMILY: Underground Tennis Tournament Campbellton,2022-12-20
SPY x FAMILY: Nightfall/Jealousy for the First Time,2022-12-20
SPY x FAMILY: Investigate the General Hospital/Decipher the Arcane Ciphers,2022-12-20
The Big 4,2022-12-19
The Sleepover,2022-12-18
My Hero Academia: Season 6: Threads of Hope,2022-12-18
YES DAY,2022-12-16
Bullet Train,2022-12-16
Wildflower: Season 1: The Intricate Ivy,2022-12-15
Wildflower: Season 1: The End of Innocence,2022-12-15
Wildflower: Season 1: A Lily By Any Other Name,2022-12-15
A Bad Moms Christmas,2022-12-12
Troll,2022-12-10
My Hero Academia: Season 6: Dabi Rising,2022-12-10
Shooter,2022-12-10
Mr. Deeds,2022-12-07
The Condemned,2022-12-06
Kung Fu Dunk,2022-12-05
The Wolfman,2022-12-05
A Man of Action,2022-12-05
Sliver,2022-12-05
The Frighteners,2022-12-03
My Hero Academia: Season 6: The Ones Within Us,2022-12-03
My Name Is Vendetta,2022-12-03
Warriors of Future,2022-12-02
Dracula: The Dark Compass,2022-12-02
Dracula: Blood Vessel,2022-12-01
Dracula: The Rules of the Beast,2022-12-01
Rise of the Legend,2022-11-29
Medieval,2022-11-27
Dragon,2022-11-27
The Swimmers,2022-11-27
The Haunting of Hill House: Steven Sees a Ghost,2022-11-26
The Haunting of Bly Manor: The Pupil,2022-11-26
The Haunting of Bly Manor: The Great Good Place,2022-11-26
My Hero Academia: Season 6: Katsuki Bakugo: Rising,2022-11-26
Somebody: Episode 6,2022-11-26
Somebody: Episode 4,2022-11-26
In the Shadow of the Moon,2022-11-25
Lesson Plan,2022-11-24
The Violence Action,2022-11-24
Antebellum,2022-11-23
Devil in Ohio: Limited Series: The Dawning,2022-11-23
Devil in Ohio: Limited Series: By Blood,2022-11-23
Devil in Ohio: Limited Series: My Love and I,2022-11-23
Devil in Ohio: Limited Series: Alight,2022-11-23
Devil in Ohio: Limited Series: Rely-upon,2022-11-23
Devil in Ohio: Limited Series: Mother's Keeper,2022-11-23
Devil in Ohio: Limited Series: Sanctuary,2022-11-23
Devil in Ohio: Limited Series: Broken Fall,2022-11-23
The Coldest Game,2022-11-23
Slumberland,2022-11-20
My Hero Academia: Season 6: League of Villains vs. U.A. Students,2022-11-19
1899: The Key,2022-11-19
1899: The Storm,2022-11-19
1899: The Pyramid,2022-11-19
1899: The Calling,2022-11-19
1899: The Fight,2022-11-19
1899: The Fog,2022-11-18
1899: The Boy,2022-11-18
1899: The Ship,2022-11-18
The Jackal,2022-11-17
Spell,2022-11-16
Girls With Balls,2022-11-16
The Midnight Club: Midnight,2022-11-16
The Midnight Club: The Eternal Enemy,2022-11-16
The Midnight Club: Road to Nowhere,2022-11-16
The Midnight Club: Anya,2022-11-16
The Midnight Club: Witch,2022-11-16
Shanghai Fortress,2022-11-16
Daddy's Home 2,2022-11-15
Take Point,2022-11-14
Morbius,2022-11-14
SPY x FAMILY: The Revenge Plot Against Desmond/The Mother Becomes the Wind,2022-11-13
My Hero Academia: Season 6: Disaster Walker,2022-11-13
The Midnight Club: See You Later,2022-11-12
The Midnight Club: Gimme a Kiss,2022-11-12
The Midnight Club: The Wicked Heart,2022-11-12
The Midnight Club: The Two Danas,2022-11-12
The Midnight Club: The Final Chapter,2022-11-12
Hellhole,2022-11-11
Don,2022-11-11
Sudden Death,2022-11-11
Pamilya Ordinaryo,2022-11-11
Bleach: BLEACH Thousand-Year Blood War: Wrath As A Lightning,2022-11-11
Bleach: BLEACH Thousand-Year Blood War: Kill The Shadow,2022-11-10
Bleach: BLEACH Thousand-Year Blood War: March of The Starcross,2022-11-10
Bleach: BLEACH Thousand-Year Blood War: Foundation Stones,2022-11-10
Bleach: BLEACH Thousand-Year Blood War: The Blood Warfare,2022-11-10
Lost Bullet,2022-11-10
The Highwaymen,2022-11-09
Unstoppable,2022-11-09
SPY x FAMILY: The Home Tutor Uncle/Daybreak,2022-11-09
SPY x FAMILY: Commence Operation Griffon/Fullmetal Lady/Omelette Rice♡,2022-11-09
Enola Holmes 2,2022-11-08
Enola Holmes,2022-11-05
Eye See You,2022-11-05
My Hero Academia: Season 6: Encounter 2,2022-11-05
I AM A KILLER: Season 3: Someone Else,2022-11-05
I AM A KILLER: Season 3: A Question of Loyalty,2022-11-05
I AM A KILLER: Season 3: Rolling the Dice,2022-11-05
I AM A KILLER: Season 3: A Bad Day,2022-11-05
I AM A KILLER: Season 3: Blackout,2022-11-05
I AM A KILLER: Season 3: History Repeating,2022-11-05
A Man Apart,2022-11-04
Lara Croft Tomb Raider: The Cradle of Life,2022-11-03
The Ruins,2022-11-03
Mr. Harrigan's Phone,2022-11-02
Let Him Go,2022-11-01
Alive,2022-11-01
The School for Good and Evil,2022-11-01
My Encounter with Evil: Please Help!,2022-10-31
My Encounter with Evil: It's Already Here,2022-10-31
Inside Man: Episode 1,2022-10-31
I Still See You,2022-10-31
Wild Is the Wind,2022-10-30
The Chalk Line,2022-10-29
My Hero Academia: Season 6: The Thrill of Destruction,2022-10-29
Hide and Never Seek,2022-10-29
All Quiet on the Western Front,2022-10-29
Guillermo del Toro's Cabinet of Curiosities: The Murmuring,2022-10-28
Guillermo del Toro's Cabinet of Curiosities: The Viewing,2022-10-28
The Good Nurse,2022-10-28
Maledicto,2022-10-28
Guillermo del Toro's Cabinet of Curiosities: Dreams in the Witch House,2022-10-27
Guillermo del Toro's Cabinet of Curiosities: Pickman's Model,2022-10-27
Guillermo del Toro's Cabinet of Curiosities: The Outside,2022-10-27
Guillermo del Toro's Cabinet of Curiosities: The Autopsy,2022-10-27
Guillermo del Toro's Cabinet of Curiosities: Graveyard Rats,2022-10-26
Guillermo del Toro's Cabinet of Curiosities: Lot 36,2022-10-25
SPY x FAMILY: Yor's Kitchen/The Great Romance Scheme for the Informant,2022-10-25
SPY x FAMILY: A New Family Member,2022-10-25
Velvet Buzzsaw,2022-10-25
Jane Got a Gun,2022-10-25
My Hero Academia: Season 6: Inheritance,2022-10-22
The Influence,2022-10-21
24 Hours to Live,2022-10-21
The Curse of Bridge Hollow,2022-10-21
Who Would You Take to a Deserted Island?,2022-10-21
Fifty Shades of Grey,2022-10-20
Wounds,2022-10-20
Freaks of Nature,2022-10-20
Don’t Listen,2022-10-20
Usogui,2022-10-20
Eerie,2022-10-19
The Darkness,2022-10-19
Half Past Dead,2022-10-18
My Hero Academia: Season 6: One's Justice,2022-10-16
Doll House,2022-10-14
Dominion: Prequel to the Exorcist,2022-10-13
Inception,2022-10-12
The Redeem Team,2022-10-12
Blackout,2022-10-12
Blumhouse's Fantasy Island,2022-10-12
Mobile Suit Gundam The Witch From Mercury: Prologue,2022-10-11
Old People,2022-10-11
Freaky,2022-10-09
SPY x FAMILY: Disarm the Time Bomb,2022-10-09
My Hero Academia: Season 6: Episode 115,2022-10-09
Beyond Skyline,2022-10-08
Hunter's Prayer,2022-10-07
Friday the 13th: Part 6: Jason Lives,2022-10-06
Cloverfield,2022-10-06
Collateral Damage,2022-10-06
Training Day,2022-10-06
My Hero Academia: Season 6: The Quiet Beginning,2022-10-06
Deadly Illusions,2022-10-05
Red Riding Hood,2022-10-05
Jigsaw,2022-10-04
Stowaway,2022-10-04
Blonde,2022-10-04
SPY x FAMILY: Project Apple,2022-10-04
Saw V,2022-10-03
Saw IV,2022-10-03
Saw III,2022-10-03
Saw II,2022-10-02
Saw,2022-10-02
Last Seen Alive,2022-10-02
Conversations with a Killer: The John Wayne Gacy Tapes: Limited Series: The Life of the Party,2022-09-29
"Extremely Wicked, Shockingly Evil and Vile",2022-09-28
See You Yesterday,2022-09-27
A Jazzman's Blues,2022-09-27
"DAHMER: Monster: The Jeffrey Dahmer Story: God of Forgiveness, God of Vengeance",2022-09-27
DAHMER: Monster: The Jeffrey Dahmer Story: The Bogeyman,2022-09-27
Fullmetal Alchemist The Final Alchemy,2022-09-27
DAHMER: Monster: The Jeffrey Dahmer Story: Lionel,2022-09-27
DAHMER: Monster: The Jeffrey Dahmer Story: Cassandra,2022-09-26
DAHMER: Monster: The Jeffrey Dahmer Story: Silenced,2022-09-26
DAHMER: Monster: The Jeffrey Dahmer Story: Blood On Their Hands,2022-09-26
DAHMER: Monster: The Jeffrey Dahmer Story: The Good Boy Box,2022-09-26
DAHMER: Monster: The Jeffrey Dahmer Story: Doin' A Dahmer,2022-09-25
DAHMER: Monster: The Jeffrey Dahmer Story: Please Don't Go,2022-09-25
DAHMER: Monster: The Jeffrey Dahmer Story: Episode One,2022-09-25
Lou,2022-09-23
The Paramedic,2022-09-23
Ghost Stories,2022-09-23
The Shack,2022-09-22
The Witcher: Nightmare of the Wolf,2022-09-22
THE FABLE,2022-09-22
The Privilege,2022-09-21
The Imperfects: Sarkov's Children,2022-09-19
Night Teeth,2022-09-19
Godless: Limited Series: The Ladies of La Belle,2022-09-17
Godless: Limited Series: An Incident at Creede,2022-09-16
The Exorcist 3,2022-09-16
Mark of the Devil,2022-09-16
Gibiate: Episode 1,2022-09-16
Gridiron Gang,2022-09-12
End of the Road,2022-09-11
Fun with Dick & Jane,2022-09-11
Seoul Vibe,2022-09-10
Exorcist: The Beginning,2022-09-09
Colossal,2022-09-06
The Hunt,2022-09-06
Godzilla,2022-09-03
Mystery of the Dragon Seal: Journey to China,2022-09-03
Halloween: Resurrection,2022-09-02
Lost in Space: Season 1: Impact,2022-08-31
I Came By,2022-08-31
Hollow Man,2022-08-30
Echoes: Limited Series: Home,2022-08-30
Freaks – You're One of Us,2022-08-27
Replicas,2022-08-26
Absolute Power,2022-08-24
Pokémon: Mewtwo Strikes Back - Evolution,2022-08-24
Umma,2022-08-24
Crimson Peak,2022-08-23
Siren,2022-08-22
Ransom,2022-08-21
Suits: Season 1: Dirty Little Secrets,2022-08-21
Suits: Season 1: Inside Track,2022-08-21
Suits: Season 1: Errors and Omissions,2022-08-21
Suits: Season 1: Pilot Part 1 & 2,2022-08-21
Not Safe for Work,2022-08-20
Fullmetal Alchemist The Revenge of Scar,2022-08-20
Suits: Season 3: Unfinished Business,2022-08-20
Code 8,2022-08-19
Ghostbusters: Afterlife,2022-08-19
The Hard Way,2022-08-18
Tekken: Bloodline: Episode 6,2022-08-18
Tekken: Bloodline: Episode 5,2022-08-18
Tekken: Bloodline: Episode 4,2022-08-18
Tekken: Bloodline: Episode 3,2022-08-18
Tekken: Bloodline: Episode 2,2022-08-18
Tekken: Bloodline: Episode 1,2022-08-18
Interstellar,2022-08-17
Gothika,2022-08-17
Hannibal,2022-08-16
The Man with the Iron Fists,2022-08-16
Bloodshot,2022-08-15
Hitman,2022-08-14
Vanguard,2022-08-14
Ikaw at Ako at ang Ending,2022-08-13
Shaft,2022-08-13
Day Shift,2022-08-13
Free to Play,2022-08-12
DOTA: Dragon's Blood: Book 3: Consider Phlebas,2022-08-12
DOTA: Dragon's Blood: Book 3: Lunartropism,2022-08-11
"DOTA: Dragon's Blood: Book 3: Twelve Thousand, Four Hundred and Three",2022-08-11
DOTA: Dragon's Blood: Book 3: Summons of the Ideal,2022-08-11
DOTA: Dragon's Blood: Book 3: The Hanged Man,2022-08-11
DOTA: Dragon's Blood: Book 3: This Stranger’s Life,2022-08-11
DOTA: Dragon's Blood: Book 3: Hell of Hells,2022-08-11
DOTA: Dragon's Blood: Book 3: The Wind Under the Door,2022-08-11
DOTA: Dragon's Blood: Book 2: Unreal City,2022-08-11
Mission: Impossible III,2022-08-09
"10,000 B.C.",2022-08-09
Mission: Impossible,2022-08-07
Carter,2022-08-06
Keep Breathing: Limited Series: You Are Home,2022-08-04
Keep Breathing: Limited Series: Awake & Dreaming,2022-08-04
Keep Breathing: Limited Series: Departures,2022-08-04
Keep Breathing: Limited Series: Hierarchy of Needs,2022-08-04
Keep Breathing: Limited Series: Fire & Water,2022-08-04
Keep Breathing: Limited Series: Arrivals,2022-08-03
Orphan,2022-08-03
Synchronic,2022-08-03
"Crouching Tiger, Hidden Dragon: Sword of Destiny",2022-08-02
Purple Hearts,2022-08-01
Recurrence,2022-08-01
Ip Man 2,2022-07-31
The Entitled,2022-07-31
Ip Man,2022-07-31
U.S. Marshals,2022-07-30
Baywatch,2022-07-30
Jo Koy: Comin' In Hot,2022-07-30
Legion,2022-07-30
The Crooked Man,2022-07-30
Spider-Man: Homecoming,2022-07-30
"The Witcher Bestiary Season 1, Part 1",2022-07-30
Wira,2022-07-29
Bodyguards and Assassins,2022-07-29
Demon Slayer: Kimetsu no Yaiba: Entertainment District Arc: I Will Never Give Up,2022-07-29
Demon Slayer: Kimetsu no Yaiba: Entertainment District Arc: Once We've Defeated the Upper Rank Demons,2022-07-29
Bad Boys for Life,2022-07-28
Spider-Man: No Way Home,2022-07-27
Transformers: Age of Extinction,2022-07-25
One-Punch Man: Season 1: The Terrifying City,2022-07-21
One-Punch Man: Season 1: The Ultimate Mentor,2022-07-21
One-Punch Man: Season 1: The Modern Ninja,2022-07-21
One-Punch Man: Season 1: The Obsessive Scientist,2022-07-21
One-Punch Man: Season 1: The Lone Cyborg,2022-07-21
One-Punch Man: Season 1: The Strongest Man,2022-07-21
Resident Evil: Welcome to Raccoon City,2022-07-18
Resident Evil: Revelations,2022-07-17
Resident Evil: Parasite,2022-07-16
Resident Evil: Someone's Little Girl,2022-07-16
Resident Evil: Home Movies,2022-07-16
Resident Evil: The Turn,2022-07-16
Resident Evil: The Light,2022-07-16
Resident Evil: The Devil You Know,2022-07-16
Resident Evil: Welcome to New Raccoon City,2022-07-16
Easy: Season 1: Utopia,2022-07-14
Easy: Season 1: Art and Life,2022-07-14
Easy: Season 1: Controlada,2022-07-14
Easy: Season 1: Brewery Brothers,2022-07-14
Easy: Season 1: Vegan Cinderella,2022-07-14
Easy: Season 1: The F**king Study,2022-07-14
47 Metres Down,2022-07-13
365 Days: This Day,2022-07-13
Incantation,2022-07-12
Valley of the Dead,2022-07-12
2 Good 2 Be True: Loaded Warning,2022-07-12
2 Good 2 Be True: The Auto Mechanic,2022-07-12
The Longest Night: Episode 1,2022-07-12
Four Sisters and a Wedding,2022-07-11
Interceptor,2022-07-09
War Machine,2022-07-09
The Last Castle,2022-07-09
Ultimate Beastmaster: Survival of the Fittest: Semifinal #2,2022-07-09
Man Vs Bee: Chapter 1,2022-07-09
Eagle Eye,2022-07-09
Sniper: Assassin's End,2022-07-09
"Love, Death & Robots: Volume 2: All Through the House",2022-07-09
John Wick,2022-07-09
Assault on Precinct 13,2022-07-09
2 Good 2 Be True: Stressful Job,2022-07-09
2 Good 2 Be True: Testing the Waters,2022-07-09
2 Good 2 Be True: A Tough Case,2022-07-09
2 Good 2 Be True: A Secret Task,2022-07-08
2 Good 2 Be True: A New Connection,2022-07-08
2 Good 2 Be True: Finding Ali,2022-07-08
2 Good 2 Be True: Another Trickster,2022-07-08
2 Good 2 Be True: Allergic Reaction,2022-07-08
2 Good 2 Be True: Odd Encounter,2022-07-08
The Raid: Redemption,2022-07-08
John Wick: Chapter 2,2022-07-08
Warm Bodies,2022-07-08
More Than Blue,2022-07-08
Love (ft. Marriage and Divorce): Season 1: Episode 1,2022-07-08
Final Fantasy VII: Advent Children,2022-07-07
Transformers: Dark of the Moon,2022-07-07
BLAME!,2022-07-07
Transformers: Revenge of the Fallen,2022-07-06
Transformers,2022-07-05
American Gangster,2022-07-05
Gods of Egypt,2022-07-05
Constantine,2022-07-05
The Cursed Lesson,2022-07-04
G.I. Joe: The Rise of Cobra,2022-07-03
G.I. Joe: Retaliation,2022-07-03
"BASTARD‼ -Heavy Metal, Dark Fantasy-: Season 1: The Arrival",2022-07-03
Company of Heroes,2022-07-03
Stranger Things: Stranger Things 4: Chapter Nine: The Piggyback,2022-07-02
Stranger Things: Stranger Things 4: Chapter Eight: Papa,2022-07-02
Money Heist: Korea - Joint Economic Area: Episode 1,2022-07-01
Home Team,2022-06-30
Mile 22,2022-06-30
XXX: State of the Union,2022-06-30
The Expendables 3,2022-06-30
The Expendables 2,2022-06-29
Assassins,2022-06-29
MeatEater: Season 10 Part 2: Hawaii Feral Goats and Wahoo,2022-06-28
Catch Me If You Can,2022-06-28
Jumanji: The Next Level,2022-06-27
The Man from Toronto,2022-06-27
Jujutsu Kaisen: Episode 2,2022-06-26
Jujutsu Kaisen: Episode 1,2022-06-26
Jujutsu Kaisen: Episode 6,2022-06-26
Jujutsu Kaisen: Episode 7,2022-06-26
Jujutsu Kaisen: Episode 8,2022-06-26
Jujutsu Kaisen: Episode 9,2022-06-26
Jujutsu Kaisen: Episode 10,2022-06-26
Jujutsu Kaisen: Episode 16,2022-06-26
Jujutsu Kaisen: Episode 20,2022-06-26
The Expendables,2022-06-26
The Last Dance: Episode I,2022-06-26
SPY x FAMILY: Penguin Park,2022-06-26
Amateur,2022-06-26
Hubie Halloween,2022-06-25
Man Vs Bee: Chapter 9,2022-06-25
Man Vs Bee: Chapter 8,2022-06-25
Man Vs Bee: Chapter 7,2022-06-25
Man Vs Bee: Chapter 6,2022-06-25
Man Vs Bee: Chapter 5,2022-06-25
Man Vs Bee: Chapter 4,2022-06-25
Man Vs Bee: Chapter 3,2022-06-25
Man Vs Bee: Chapter 2,2022-06-25
Step Up 2: The Streets,2022-06-25
Cellular,2022-06-24
Jason Bourne,2022-06-24
The Way Back,2022-06-24
SPRIGGAN: The Forgotten Kingdom,2022-06-23
SPRIGGAN: The Crystal Skull,2022-06-23
SPRIGGAN: Berserker,2022-06-22
SPRIGGAN: The Forest of No Return,2022-06-22
SPRIGGAN: Noah's Ark,2022-06-22
SPRIGGAN: Flame Serpent,2022-06-22
Jack Ryan: Shadow Recruit,2022-06-21
Sweet Girl,2022-06-20
Hell's Kitchen: Season 17: Tower Of Terror,2022-06-20
As the Light Goes Out,2022-06-19
Days of Thunder,2022-06-19
Centauro,2022-06-19
Spiderhead,2022-06-19
Johnny English Reborn,2022-06-19
SPY x FAMILY: Stella,2022-06-19
Charlie's Angels,2022-06-19
"Street Food: Asia: Bangkok, Thailand",2022-06-18
Iron Chef: Quest for an Iron Legend: Battle for Iron Legend,2022-06-18
Iron Chef: Quest for an Iron Legend: Battle Live Sturgeon,2022-06-18
Iron Chef: Quest for an Iron Legend: Battle Chili Peppers,2022-06-17
Iron Chef: Quest for an Iron Legend: Battle Chocolate,2022-06-17
Iron Chef: Quest for an Iron Legend: Battle Medieval,2022-06-17
Iron Chef: Quest for an Iron Legend: Battle Milk,2022-06-17
Iron Chef: Quest for an Iron Legend: Battle Tailgate,2022-06-17
Iron Chef: Quest for an Iron Legend: Battle Street Food,2022-06-16
Lucifer: Season 2: Sin-Eater,2022-06-16
"Lucifer: Season 2: Liar, Liar, Slutty Dress on Fire",2022-06-16
Lucifer: Season 2: Everything's Coming Up Lucifer,2022-06-16
Lucifer: Season 1: Take Me Back to Hell,2022-06-16
Lucifer: Season 1: #TeamLucifer,2022-06-14
Lucifer: Season 1: St. Lucifer,2022-06-14
Lucifer: Season 1: Pops,2022-06-14
Lucifer: Season 1: A Priest Walks into a Bar,2022-06-14
"Lucifer: Season 1: Et Tu, Doctor?",2022-06-13
Lucifer: Season 1: Wingman,2022-06-13
Lucifer: Season 1: Favorite Son,2022-06-13
Lucifer: Season 1: Sweet Kicks,2022-06-13
Lucifer: Season 1: Manly Whatnots,2022-06-13
Lucifer: Season 1: The Would-Be Prince of Darkness,2022-06-13
"Lucifer: Season 1: Lucifer, Stay. Good Devil.",2022-06-13
My Girlfriend is an Agent,2022-06-13
"Cheer Up, Mr. Lee",2022-06-13
SPY x FAMILY: The Great Dodgeball Plan,2022-06-12
Ben & Jody,2022-06-12
Lucifer: Season 1: Pilot,2022-06-12
All the Money in the World,2022-06-12
Venom: Let There Be Carnage,2022-06-11
The 9th Precinct,2022-06-10
A Nation of Broth: Episode 1,2022-06-10
Sandy Wexler,2022-06-10
The Tourist,2022-06-09
Double World,2022-06-09
Hustle,2022-06-08
Escape From Mogadishu,2022-06-08
Public Enemies,2022-06-08
Blue Streak,2022-06-07
Are We There Yet?,2022-06-07
12 Monkeys,2022-06-05
SPY x FAMILY: Show Off How in Love You Are,2022-06-05
The Losers,2022-06-04
Black Hawk Down,2022-06-04
The Art of War,2022-06-04
Waterworld,2022-06-03
86 EIGHTY-SIX: Episode 1,2022-06-03
The Accountant,2022-06-03
Love and Monsters,2022-06-02
The Curious Case of Benjamin Button,2022-06-01
Let's Go to Prison,2022-06-01
Stealth,2022-05-30
Alien Warfare,2022-05-30
Switch,2022-05-30
SHAMAN KING: Shaman King: God End,2022-05-30
SHAMAN KING: Last Test: Shaman Fight,2022-05-30
SPY x FAMILY: The Counter-Secret Police Cover Operation,2022-05-29
New Police Story,2022-05-28
SPY x FAMILY: Target: The Second Son,2022-05-28
SPY x FAMILY: The Friendship Scheme,2022-05-28
SPY x FAMILY: Pass or Fail?,2022-05-28
SPY x FAMILY: An Interview at a Prestigious School,2022-05-28
SPY x FAMILY: Prepare for the Entrance Exam,2022-05-28
Somebody Feed Phil: Season 5: Oaxaca,2022-05-28
Ultimate Beastmaster: Survival of the Fittest: For the Glory,2022-05-28
SPY x FAMILY: Secure a Wife,2022-05-28
SPY x FAMILY: Operation Strix,2022-05-28
Stranger Things: Stranger Things 4: Chapter Seven: The Massacre at Hawkins Lab,2022-05-28
Stranger Things: Stranger Things 4: Chapter Six: The Dive,2022-05-28
Stranger Things: Stranger Things 4: Chapter Five: The Nina Project,2022-05-28
Stranger Things: Stranger Things 4: Chapter Four: Dear Billy,2022-05-28
Stranger Things: Stranger Things 4: Chapter Three: The Monster and the Superhero,2022-05-27
Stranger Things: Stranger Things 4: Chapter Two: Vecna's Curse,2022-05-27
Stranger Things: Stranger Things 4: Chapter One: The Hellfire Club,2022-05-27
Ultimate Beastmaster: Survival of the Fittest: Overcoming the Odds,2022-05-27
Ultimate Beastmaster: Survival of the Fittest: A New Battle Begins,2022-05-27
Ultimate Beastmaster: Survival of the Fittest: Semifinal #1,2022-05-27
Midway,2022-05-26
Death Race,2022-05-25
The Siege of Jadotville,2022-05-25
Hall Pass,2022-05-25
Dirty Grandpa,2022-05-24
Bring Me Home,2022-05-24
The Forgotten Battle,2022-05-23
Child's Play 3,2022-05-22
Seal Team Six: The Raid on Osama Bin Laden,2022-05-22
The Killer,2022-05-22
"Love, Death & Robots: Volume 2: The Tall Grass",2022-05-22
"Love, Death & Robots: Volume 2: Pop Squad",2022-05-22
"Love, Death & Robots: Volume 2: Ice",2022-05-22
"Love, Death & Robots: Volume 2: Automated Customer Service",2022-05-22
"Love, Death & Robots: Volume 2: Life Hutch",2022-05-22
"Love, Death & Robots: Volume 3: Jibaro",2022-05-22
"Love, Death & Robots: Volume 3: In Vaulted Halls Entombed",2022-05-22
"Love, Death & Robots: Volume 3: Mason's Rats",2022-05-22
"Love, Death & Robots: Volume 3: Swarm",2022-05-22
"Love, Death & Robots: Volume 3: Kill Team Kill",2022-05-22
"Love, Death & Robots: Volume 3: Night of the Mini Dead",2022-05-22
"Love, Death & Robots: Volume 3: The Very Pulse of the Machine",2022-05-22
"Love, Death & Robots: Volume 3: Bad Travelling",2022-05-22
The Good Liar,2022-05-21
Zombieland: Double Tap,2022-05-21
Cyber Hell: Exposing an Internet Horror,2022-05-21
"Love, Death & Robots: Volume 3: Three Robots: Exit Strategies",2022-05-21
Unfriended,2022-05-20
The Spy Gone North,2022-05-20
The Next Three Days,2022-05-20
Passengers,2022-05-19
Sully,2022-05-19
Jackass: The Movie,2022-05-18
Animal World,2022-05-18
Ride Along 2,2022-05-18
Gravity,2022-05-18
Grown Ups 2,2022-05-17
Pacific Rim,2022-05-17
The Week Of,2022-05-16
The Open House,2022-05-16
Spiral: From the Book of Saw,2022-05-15
The Cable Guy,2022-05-15
Our Father,2022-05-14
Jackass 3.5: The Unrated Movie,2022-05-13
10 Cloverfield Lane,2022-05-13
Coffee & Kareem,2022-05-12
Silverton Siege,2022-05-11
Win It All,2022-05-11
Sonic the Hedgehog,2022-05-11
The Takedown,2022-05-11
The Hopeful Romantic,2022-05-08
Click,2022-05-07
Ninja Assassin,2022-05-06
The Terminal,2022-05-04
The Do-Over,2022-05-04
A Madea Homecoming,2022-05-04
Murder Mystery,2022-05-04
Liar Liar,2022-05-03
Escape Room: Tournament Of Champions,2022-05-03
Inside Maximum Security: Ep4: Road To Freedom,2022-05-03
Inside Maximum Security: Ep3: Breaking Bad Habits,2022-05-03
Inside Maximum Security: Ep2: Keeping Bonds Beyond Bars,2022-05-03
Inside Maximum Security: Ep1: Life in Lockdown,2022-05-03
White Chicks,2022-05-03
This Is 40,2022-05-02
Paul Blart: Mall Cop 2,2022-05-02
The Impossible,2022-05-02
Kevin Hart: Let Me Explain,2022-05-01
Ace Ventura: When Nature Calls,2022-05-01
Nightbooks,2022-05-01
Haunted: Season 1: Stolen Gravestone,2022-05-01
Haunted: Season 3: Gift of Evil,2022-05-01
I AM A KILLER: Season 1: A Matter of Life and Death,2022-04-30
A Hard Day,2022-04-29
I AM A KILLER: Season 1: Living with the Consequences,2022-04-29
I AM A KILLER: Season 1: Hunted,2022-04-29
I AM A KILLER: Season 1: Family Affair,2022-04-29
I AM A KILLER: Season 1: Declared Competent,2022-04-29
I AM A KILLER: Season 1: Intended Evil,2022-04-29
I AM A KILLER: Season 1: Sympathy for the Devil,2022-04-28
I AM A KILLER: Season 1: The Mockingbird,2022-04-28
I AM A KILLER: Season 1: Killer in the Eyes of the Law,2022-04-28
I AM A KILLER: Season 1: Means to an End,2022-04-28
I AM A KILLER: Season 2: Something Hideous,2022-04-27
In the Heart of the Sea,2022-04-27
The White Tiger,2022-04-27
Inside Man,2022-04-27
John Q,2022-04-26
2012,2022-04-25
Flu,2022-04-24
Don't Look Up,2022-04-24
The Irishman,2022-04-21
Seven Years in Tibet,2022-04-21
Just Mercy,2022-04-21
Noah,2022-04-20
Edge of Fear,2022-04-19
Flight,2022-04-19
The Last Thing He Wanted,2022-04-18
We're the Millers,2022-04-17
Don't Breathe 2,2022-04-16
Choose or Die,2022-04-15
Niña Niño: Nina Nino Book 1: Niña Meets Niño,2022-04-15
Niña Niño: Nina Nino Book 1: The Beginning,2022-04-15
Taking Lives,2022-04-15
Uncut Gems,2022-04-14
The Devil All The Time,2022-04-14
Ultraman: Season 1: A Power That Does Not Belong On Earth,2022-04-14
The Last Airbender,2022-04-14
American Reunion,2022-04-14
Happiness: Episode 12,2022-04-14
Happiness: Epsiode 11,2022-04-14
Happiness: Episode 10,2022-04-13
Happiness: Episode 9,2022-04-13
Happiness: Episode 8,2022-04-13
Happiness: Episode 7,2022-04-13
Happiness: Episode 6,2022-04-13
Happiness: Episode 5,2022-04-13
Happiness: Episode 4,2022-04-13
Overlord: The Undead King,2022-04-13
Happiness: Episode 3,2022-04-13
Happiness: Episode 2,2022-04-13
Happiness: Episode 1,2022-04-13
Resident Evil: Vendetta,2022-04-11
The Last Supper,2022-04-11
Svaha: The Sixth Finger,2022-04-10
Veronica,2022-04-09
Marianne: Your Dreams,2022-04-09
Yasuke: Balance,2022-04-09
Yasuke: Pain & Blood,2022-04-09
Yasuke: The Long Road,2022-04-09
Yasuke: Mortal Sins,2022-04-09
Yasuke: The Old Way,2022-04-09
Yasuke: Ronin,2022-04-09
Yaksha: Ruthless Operations,2022-04-09
Grave Halloween,2022-04-08
Ultimate Beastmaster: Survival of the Fittest: Strive for Greatness,2022-04-07
Ultimate Beastmaster: Survival of the Fittest: Champions Collide,2022-04-07
Ultimate Beastmaster: Survival of the Fittest: The Beast Evolves,2022-04-07
Sunod,2022-04-07
Hunter X Hunter (2011): Season 3: Very x Sharp x Eye,2022-04-07
Hunter X Hunter (2011): Season 3: Condition x and x Condition,2022-04-07
Hunter X Hunter (2011): Season 3: Chasing x and x Waiting,2022-04-07
Hunter X Hunter (2011): Season 3: Restraint x and x Vow,2022-04-07
Hunter X Hunter (2011): Season 3: Buildup x to a x Fierce Battle,2022-04-07
Hunter X Hunter (2011): Season 3: A x Shocking x Tragedy,2022-04-07
Hunter X Hunter (2011): Season 3: Defend x and x Attack,2022-04-07
Hunter X Hunter (2011): Season 3: Gathering x of x Heroes,2022-04-07
The Green Mile,2022-04-07
Cast Away,2022-04-06
Hunter X Hunter (2011): Season 3: Nen x Users x Unite?,2022-04-06
Hunter X Hunter (2011): Season 3: Wish x and x Promise,2022-04-06
Hunter X Hunter (2011): Season 2: Reply x from x Dad,2022-04-06
Hunter X Hunter (2011): Season 2: Ging x and x Gon,2022-04-06
Hunter X Hunter (2011): Season 2: A Big Debt x and x a Small Kick,2022-04-06
Hunter X Hunter (2011): Season 2: The x True x Pass,2022-04-06
Hunter X Hunter (2011): Season 2: Power x to x Avenge,2022-04-06
Hunter X Hunter (2011): Season 2: An x Empty x Threat,2022-04-06
Little Man,2022-04-05
Banal,2022-04-05
Hunter X Hunter (2011): Season 2: A x Surprising x Win,2022-04-05
Hunter X Hunter (2011): Season 2: Destiny x and x Tenacity,2022-04-05
Attack on Titan: The Final Season Part 2: The Dawn of Humanity,2022-04-04
Naked,2022-04-04
Arrival,2022-04-04
Hunter X Hunter (2011): Season 2: Fierce x and x Ferocious,2022-04-04
Hunter X Hunter (2011): Season 2: Awakening x and x Potential,2022-04-04
Hunter X Hunter (2011): Season 2: Nen x and x Nen,2022-04-04
Hunter X Hunter (2011): Season 2: Arrival x at x the Arena,2022-04-04
Hunter X Hunter (2011): Season 1: Departure x and x Friends,2022-04-04
Fight Club,2022-04-04
All Hail,2022-04-04
Shutter,2022-04-03
Grindhouse: Death Proof,2022-04-03
6 Underground,2022-04-02
Body of Lies,2022-04-02
In the Tall Grass,2022-04-02
Resident Evil,2022-04-01
Resident Evil: Apocalypse,2022-04-01
Resident Evil: Retribution,2022-04-01
How It Ends,2022-03-30
The Day of the Lord,2022-03-30
The Butterfly Effect,2022-03-30
The Cursed: Episode 12,2022-03-30
The Cursed: Episode 11,2022-03-30
The Cursed: Episode 10,2022-03-30
The Cursed: Episode 9,2022-03-29
The Cursed: Episode 8,2022-03-29
The Cursed: Episode 7,2022-03-29
The Cursed: Episode 6,2022-03-28
The Cursed: Episode 5,2022-03-27
The Cursed: Episode 4,2022-03-27
The Cursed: Episode 3,2022-03-27
The Cursed: Episode 2,2022-03-27
The Cursed: Episode 1,2022-03-27
The 6th Day,2022-03-26
Goedam: Collection: Birth,2022-03-26
Goedam: Collection: Threshold,2022-03-26
Goedam: Collection: Dimension,2022-03-26
Goedam: Collection: Red Shoes,2022-03-26
Goedam: Collection: Curiosity,2022-03-26
Project Power,2022-03-26
Shaft,2022-03-24
Daredevil,2022-03-24
Special Correspondents,2022-03-24
Extinction,2022-03-23
Errementari: The Blacksmith and the Devil,2022-03-23
The Internship,2022-03-23
The Binding,2022-03-22
The Last Mercenary,2022-03-22
Attack on Titan: The Final Season Part 2: Recollection,2022-03-22
Oblivion,2022-03-21
Hell's Kitchen: Season 17: Raising The Bar,2022-03-20
Hell's Kitchen: Season 17: All-Stars Arrive,2022-03-20
The Ballad of Buster Scruggs,2022-03-20
Kate,2022-03-20
Offering to the Storm,2022-03-20
The Legacy of the Bones,2022-03-19
The Invisible Guardian,2022-03-18
Black Crab,2022-03-18
A Million Ways to Die in the West,2022-03-17
Rabid: Sh*t Happens,2022-03-16
Rabid: Nothing Beats Meat,2022-03-16
Rabid: HM?,2022-03-16
Rabid: Bad Luck Is A B*tch,2022-03-16
The Unholy,2022-03-16
Get Smart,2022-03-16
Inkheart,2022-03-15
Hellsing: Hellfire,2022-03-15
Attack on Titan: The Final Season Part 2: Traitor,2022-03-15
Super Me,2022-03-15
True Memoirs of an International Assassin,2022-03-14
Knight and Day,2022-03-14
GHOUL: Out of the Smokeless Fire,2022-03-13
The Yin Yang Master,2022-03-13
FullMetal Alchemist,2022-03-13
The Adam Project,2022-03-12
Archive 81: What Lies Beneath,2022-03-11
Archive 81: The Ferryman,2022-03-11
Archive 81: The Circle,2022-03-11
Archive 81: Through the Looking Glass,2022-03-11
Archive 81: Spirit Receivers,2022-03-11
Archive 81: Terror in the Aisles,2022-03-10
Archive 81: Wellspring,2022-03-10
Archive 81: Mystery Signals,2022-03-10
Santa Clarita Diet: Season 3: Wuffenloaf,2022-03-10
Santa Clarita Diet: Season 2: Halibut!,2022-03-10
Santa Clarita Diet: Season 2: Suspicious Objects,2022-03-10
Santa Clarita Diet: Season 2: Easels and War Paint,2022-03-10
Santa Clarita Diet: Season 2: A Change of Heart,2022-03-09
Santa Clarita Diet: Season 2: Pasión,2022-03-09
Santa Clarita Diet: Season 2: Going Pre-med,2022-03-09
Santa Clarita Diet: Season 2: The Queen of England,2022-03-09
Santa Clarita Diet: Season 2: Moral Gray Area,2022-03-09
Santa Clarita Diet: Season 2: Coyote in Yoga Pants,2022-03-09
Santa Clarita Diet: Season 2: No Family is Perfect,2022-03-09
"Santa Clarita Diet: Season 1: Baka, Bile and Baseball Bats",2022-03-09
Santa Clarita Diet: Season 1: The Book!,2022-03-09
Santa Clarita Diet: Season 1: How Much Vomit?,2022-03-08
Santa Clarita Diet: Season 1: Strange or Just Inconsiderate?,2022-03-08
Santa Clarita Diet: Season 1: Attention to Detail,2022-03-08
Santa Clarita Diet: Season 1: Man Eat Man,2022-03-08
Santa Clarita Diet: Season 1: The Farting Sex Tourist,2022-03-08
Santa Clarita Diet: Season 1: We Can Kill People,2022-03-08
Santa Clarita Diet: Season 1: We Can't Kill People!,2022-03-08
Santa Clarita Diet: Season 1: So Then a Bat or a Monkey,2022-03-08
Attack on Titan: The Final Season Part 2: The Night of the End,2022-03-08
Spectral,2022-03-08
Wedding Crashers,2022-03-07
Dumb and Dumber To,2022-03-07
"Diablero: Season 1: Leg of a Dog, Heart of a Chicken",2022-03-07
Diablero: Season 1: The Demons are Among Us,2022-03-07
American Pie 2,2022-03-06
The Last Kingdom: Season 1: Episode 1,2022-03-06
Once Upon a Time in the West,2022-03-06
The Weekend Away,2022-03-06
PIECES OF HER: Episode 1,2022-03-06
The Pirates: The Last Royal Treasure,2022-03-05
I AM A KILLER: Season 2: A Silent Order,2022-03-05
The Interview,2022-03-05
I AM A KILLER: Season 2: Crossing the Line,2022-03-04
I AM A KILLER: Season 2: Owning It,2022-03-04
I AM A KILLER: Season 2: Pyro Joe,2022-03-04
I AM A KILLER: Season 2: Honorable Intentions,2022-03-03
I AM A KILLER: Season 2: Trapped,2022-03-03
I AM A KILLER: Season 2: An Ordinary Boy,2022-03-03
I AM A KILLER: Season 2: Overkill,2022-03-03
I AM A KILLER: Season 2: In Her Hands,2022-03-03
Scary Movie,2022-03-03
In the Line of Fire,2022-03-02
Zodiac,2022-03-01
Vikings: Valhalla: Season 1: The End of the Beginning,2022-03-01
Vikings: Valhalla: Season 1: Choices,2022-03-01
Creep,2022-03-01
Halloween,2022-03-01
Vikings: Valhalla: Season 1: The Last Daughter of Uppsala,2022-03-01
Vikings: Valhalla: Season 1: Miracle,2022-03-01
Vikings: Valhalla: Season 1: The Bridge,2022-03-01
Vikings: Valhalla: Season 1: The Marshes,2022-03-01
Attack on Titan: The Final Season Part 2: Pride,2022-03-01
Haunted: Season 1: Alien Infection,2022-03-01
Haunted: Season 1: Children of the Well,2022-03-01
Haunted: Season 1: Demon in the Dark,2022-03-01
Haunted: Season 1: The Slaughterhouse,2022-03-01
Haunted: Season 1: The Woman in White,2022-03-01
Haunted: Season 2: Born Cursed,2022-03-01
Haunted: Season 2: Demon of War,2022-03-01
Haunted: Season 2: Spirits from Below,2022-03-01
Haunted: Season 2: Cult of Torture,2022-03-01
Haunted: Season 2: Ward of Evil,2022-03-01
Haunted: Season 2: The Mimic,2022-03-01
The Mist: Pilot,2022-03-01
Wild Wild West,2022-02-28
Vikings: Valhalla: Season 1: Viking,2022-02-28
Vikings: Valhalla: Season 1: The Greenlanders,2022-02-28
Marco Polo: Season 2: The Fellowship,2022-02-28
Marco Polo: Season 2: Heirs,2022-02-28
Marco Polo: Season 2: Whitehorse,2022-02-28
Marco Polo: Season 2: Lost Crane,2022-02-28
Marco Polo: Season 2: Serpent's Terms,2022-02-27
Marco Polo: Season 2: Lullaby,2022-02-27
Marco Polo: Season 2: Let God's Work Begin,2022-02-27
Marco Polo: Season 2: Measure Against the Linchpin,2022-02-27
Marco Polo: Season 2: Hug,2022-02-27
Marco Polo: Season 2: Hunter and the Sable Weaver,2022-02-27
Haunted: Season 3: Sins of My Father,2022-02-27
Haunted: Season 3: Demon Cat,2022-02-27
Haunted: Season 3: The Witch Behind the Wall,2022-02-27
Haunted: Season 3: Haunted by Henry,2022-02-26
Haunted: Season 3: In the Pines,2022-02-26
Marco Polo: Season 1: The Heavenly and Primal,2022-02-26
Marco Polo: Season 1: Prisoners,2022-02-26
Marco Polo: Season 1: Rendering,2022-02-26
Marco Polo: Season 1: The Scholar's Pen,2022-02-26
Marco Polo: Season 1: White Moon,2022-02-26
Marco Polo: Season 1: Hashshashin,2022-02-26
Marco Polo: Season 1: The Fourth Step,2022-02-25
Marco Polo: Season 1: Feast,2022-02-25
Marco Polo: Season 1: The Wolf and the Deer,2022-02-25
Marco Polo: Season 1: The Wayfarer,2022-02-25
The Ripper: Limited Series: Once Upon a Time in Yorkshire,2022-02-25
Catching Killers: Season 2: Thrill Kills: The Phoenix Serial Shooter,2022-02-24
Catching Killers: Season 2: Bind. Torture. Kill: BTK,2022-02-24
Inventing Anna: Limited Series: Life of a VIP,2022-02-24
The Covenant,2022-02-24
Don't Kill Me,2022-02-24
V Wars: Bad as Me,2022-02-24
V Wars: Because I Could Not Stop for Death,2022-02-24
V Wars: Blood Brothers,2022-02-24
V Wars: Down with the Sickness,2022-02-24
Vikings: Season 6: The Last Act,2022-02-23
Conversations with a Killer: The Ted Bundy Tapes: Limited Series: Handsome Devil,2022-02-23
Interview with a Serial Killer,2022-02-23
Inside the Criminal Mind: Kidnapping,2022-02-23
Inside the Criminal Mind: Serial Killers,2022-02-23
Vikings: Season 6: The Lord Giveth...,2022-02-23
Vikings: Season 6: It's Only Magic,2022-02-23
Vikings: Season 6: The Raft of Medusa,2022-02-23
Vikings: Season 6: The Final Straw,2022-02-23
Vikings: Season 6: All at Sea,2022-02-22
Vikings: Season 6: Lost Souls,2022-02-22
Vikings: Season 6: The Signal,2022-02-22
Vikings: Season 6: All Change,2022-02-22
Unsolved Mysteries: Volume 2: Washington Insider Murder,2022-02-22
Vikings: Season 6: King of Kings,2022-02-22
Vikings: Season 6: The Best Laid Plans,2022-02-22
Vikings: Season 6: Resurrection,2022-02-22
Vikings: Season 6: Valhalla Can Wait,2022-02-22
Vikings: Season 6: The Ice Maiden,2022-02-22
Vikings: Season 6: Death and the Serpent,2022-02-22
Vikings: Season 6: The Key,2022-02-22
Vikings: Season 6: All the Prisoners,2022-02-21
"Vikings: Season 6: Ghosts, Gods and Running Dogs",2022-02-21
Vikings: Season 6: The Prophet,2022-02-21
Attack on Titan: The Final Season Part 2: Sunset,2022-02-21
Black Christmas,2022-02-20
Warcraft,2022-02-20
Reality Z: Olympus,2022-02-20
Love You as the World Ends: Episode 1,2022-02-19
Oats Studios: Rakka,2022-02-19
Fistful of Vengeance,2022-02-19
Wu Assassins: Drunken Watermelon,2022-02-19
The Plague,2022-02-19
Bring Back the Dead,2022-02-19
Vikings: Season 6: New Beginnings,2022-02-19
The Incredible Hulk,2022-02-19
Vikings: Season 5: Ragnarok,2022-02-18
The Quintessential Quintuplets: A Mountain of Problem,2022-02-18
The Quintessential Quintuplets: Rooftop Confession,2022-02-18
The Quintessential Quintuplets: The Quintessential Quintuplets,2022-02-18
Vikings: Season 5: What Happens in the Cave,2022-02-18
Rosario + Vampire: Season 1: New Life and a Vampire,2022-02-18
Vikings: Season 5: Baldur,2022-02-18
Vikings: Season 5: The Most Terrible Thing,2022-02-18
Vikings: Season 5: The Buddha,2022-02-18
Vikings: Season 5: Hell,2022-02-18
Vikings: Season 5: The Lost Moment,2022-02-18
Vikings: Season 5: A New God,2022-02-18
Vikings: Season 5: Murder Most Foul,2022-02-17
Vikings: Season 5: The Revelation,2022-02-17
Vikings: Season 5: Moments of Vision,2022-02-17
Vikings: Season 5: A Simple Story,2022-02-17
Vikings: Season 5: The Joke,2022-02-17
Vikings: Season 5: Full Moon,2022-02-17
Vikings: Season 5: The Message,2022-02-17
Vikings: Season 5: The Prisoner,2022-02-17
Vikings: Season 5: The Plan,2022-02-17
Vikings: Season 5: Homeland,2022-02-17
Vikings: Season 5: The Departed,2022-02-17
Vikings: Season 5: The Fisher King,2022-02-16
Vikings: Season 4: The Reckoning,2022-02-16
Vikings: Season 4: On the Eve,2022-02-16
DEATH NOTE: Death Note: Rebirth,2022-02-16
Demon Slayer -Kimetsu no Yaiba- The Movie: Mugen Train,2022-02-16
Vikings: Season 4: Revenge,2022-02-16
Vikings: Season 4: The Great Army,2022-02-16
Vikings: Season 4: All His Angels,2022-02-16
Vikings: Season 4: Crossing,2022-02-16
Vikings: Season 4: In the Uncertain Hour Before the Morning,2022-02-16
Attack on Titan: The Final Season Part 2: Thaw,2022-02-15
Vikings: Season 4: Two Journeys,2022-02-15
Vikings: Season 4: The Vision,2022-02-15
Vikings: Season 4: The Outsider,2022-02-15
Vikings: Season 4: The Last Ship,2022-02-15
Vikings: Season 4: Death All 'Round,2022-02-15
Vikings: Season 4: Portage,2022-02-15
Vikings: Season 4: The Profit and the Loss,2022-02-15
Vikings: Season 4: What Might Have Been,2022-02-15
Vikings: Season 4: Promised,2022-02-14
Vikings: Season 4: Yol,2022-02-14
"Attack on Titan: The Final Season Part 2: From You 2,000 Years Ago",2022-02-14
Vikings: Season 4: Mercy,2022-02-14
Demon Slayer: Kimetsu no Yaiba: Entertainment District Arc: No Matter How Many Times We Reborn,2022-02-14
Vikings: Season 4: Kill the Queen,2022-02-13
Vikings: Season 4: A Good Treason,2022-02-13
Vikings: Season 3: The Dead,2022-02-13
Vikings: Season 3: Breaking Point,2022-02-13
Vikings: Season 3: To the Gates!,2022-02-13
Vikings: Season 3: Paris,2022-02-13
Vikings: Season 3: Born Again,2022-02-13
Law Abiding Citizen,2022-02-12
Vikings: Season 3: The Usurper,2022-02-12
Vikings: Season 3: Scarred,2022-02-12
Vikings: Season 3: Warrior's Fate,2022-02-11
Vikings: Season 3: The Wanderer,2022-02-11
Vikings: Season 3: Mercenary,2022-02-11
Vikings: Season 2: The Lord's Prayer,2022-02-11
Vikings: Season 2: The Choice,2022-02-10
Vikings: Season 2: Boneless,2022-02-10
Vikings: Season 2: Blood Eagle,2022-02-10
Vikings: Season 2: Unforgiven,2022-02-10
Vikings: Season 2: Answers in Blood,2022-02-10
Vikings: Season 2: Eye for an Eye,2022-02-10
Vikings: Season 2: Treachery,2022-02-10
Vikings: Season 2: Invasion,2022-02-10
Vikings: Season 2: Brother's War,2022-02-10
Vikings: Season 1: All Change,2022-02-10
Vikings: Season 1: Sacrifice,2022-02-10
Vikings: Season 1: A King's Ransom,2022-02-10
Vikings: Season 1: Burial of the Dead,2022-02-10
Vikings: Season 1: Raid,2022-02-10
Vikings: Season 1: Trial,2022-02-10
Vikings: Season 1: Dispossessed,2022-02-09
Vikings: Season 1: Wrath of the Northmen,2022-02-09
Vikings: Season 1: Rites of Passage,2022-02-09
Daybreak: Josh vs. the Apocalypse: Part 1,2022-02-09
Stranger Things: Stranger Things 3: Chapter Eight: The Battle of Starcourt,2022-02-09
Stranger Things: Stranger Things 3: Chapter Seven: The Bite,2022-02-09
Stranger Things: Stranger Things 3: Chapter Six: E Pluribus Unum,2022-02-09
Stranger Things: Stranger Things 3: Chapter Five: The Flayed,2022-02-09
Stranger Things: Stranger Things 3: Chapter Four: The Sauna Test,2022-02-09
Stranger Things: Stranger Things 3: Chapter Three: The Case of the Missing Lifeguard,2022-02-09
Stranger Things: Stranger Things 3: Chapter Two: The Mall Rats,2022-02-09
"Stranger Things: Stranger Things 3: Chapter One: Suzie, Do You Copy?",2022-02-09
Stranger Things: Stranger Things 2: Chapter Nine: The Gate,2022-02-09
Stranger Things: Stranger Things 2: Chapter Eight: The Mind Flayer,2022-02-08
Stranger Things: Stranger Things 2: Chapter Seven: The Lost Sister,2022-02-08
Stranger Things: Stranger Things 2: Chapter Six: The Spy,2022-02-08
Stranger Things: Stranger Things 2: Chapter Five: Dig Dug,2022-02-08
Stranger Things: Stranger Things 2: Chapter Four: Will the Wise,2022-02-08
Stranger Things: Stranger Things 2: Chapter Three: The Pollywog,2022-02-08
"Stranger Things: Stranger Things 2: Chapter Two: Trick or Treat, Freak",2022-02-08
Stranger Things: Stranger Things 2: Chapter One: MADMAX,2022-02-08
Stranger Things: Chapter Eight: The Upside Down,2022-02-08
Stranger Things: Chapter Seven: The Bathtub,2022-02-08
Stranger Things: Chapter Six: The Monster,2022-02-08
Stranger Things: Chapter Five: The Flea and the Acrobat,2022-02-08
Stranger Things: Chapter Four: The Body,2022-02-08
"Stranger Things: Chapter Three: Holly, Jolly",2022-02-08
Stranger Things: Chapter Two: The Weirdo on Maple Street,2022-02-07
Stranger Things: Chapter One: The Vanishing of Will Byers,2022-02-07
The New Legends of Monkey: Season 1: The Edge of Nowhere,2022-02-07
The New Legends of Monkey: Season 1: Hope Must Never Die,2022-02-07
The Decline,2022-02-07
Mosul,2022-02-07
Love You as the World Ends: Episode 3,2022-02-07
Cowboy Bebop: Dog Star Swing,2022-02-07
Cowboy Bebop: Venus Pop,2022-02-07
Cowboy Bebop: Cowboy Gospel,2022-02-06
The Rising of the Shield Hero: Season 1: The Shield Hero,2022-02-06
Tales From The Dark Part 2,2022-02-06
The Scorpion King 4: Quest for Power,2022-02-06
GODZILLA The Planet Eater,2022-02-06
GODZILLA City on the Edge of Battle,2022-02-06
GODZILLA Planet of the Monsters: Planet of the Monsters,2022-02-06
Sweet Home: Season 1: Episode 1,2022-02-06
Gerald's Game,2022-02-05
TAU,2022-02-05
Jaws,2022-02-05
Goedam: Collection: Special Guest,2022-02-05
Goedam: Collection: Destination,2022-02-05
Goedam: Collection: Crack,2022-02-05
Ikaw,2022-02-05
Evil Dead,2022-02-05
GANTZ:O,2022-02-05
Devil,2022-02-05
His House,2022-02-04
Vampires vs. the Bronx,2022-02-04
Prey,2022-02-04
Marvel's The Punisher: 3AM,2022-02-04
Castlevania: Season 4: The Endings,2022-02-03
13 Hours: The Secret Soldiers of Benghazi,2022-02-03
Sleepers,2022-02-01
My Hero Academia: Two Heroes,2022-02-01
I Still Know What You Did Last Summer,2022-02-01
All of Us Are Dead: Season 1: Episode 1,2022-02-01
The Rite,2022-02-01
Attack on Titan: The Final Season Part 2: Memories of the Future,2022-01-31
"Attack on Titan: Season 1: To You, After 2,000 Years: The Fall of Shiganshina, Part 1",2022-01-31
After the Sunset,2022-01-30
Message from the King,2022-01-30
All of Us Are Dead: Season 1: Episode 12,2022-01-30
All of Us Are Dead: Season 1: Episode 11,2022-01-30
All of Us Are Dead: Season 1: Episode 10,2022-01-30
All of Us Are Dead: Season 1: Episode 9,2022-01-29
All of Us Are Dead: Season 1: Episode 8,2022-01-29
All of Us Are Dead: Season 1: Episode 7,2022-01-29
All of Us Are Dead: Season 1: Episode 3,2022-01-29
SAS: Rise of the Black Swan,2022-01-29
All of Us Are Dead: Season 1: Episode 6,2022-01-29
All of Us Are Dead: Season 1: Episode 5,2022-01-29
All of Us Are Dead: Season 1: Episode 4,2022-01-29
Logan Lucky,2022-01-28
The Final Girls,2022-01-27
30 Days of Night,2022-01-27
Your Son,2022-01-27
Spenser Confidential,2022-01-27
Amandla,2022-01-26
The Man from U.N.C.L.E.,2022-01-25
Anna,2022-01-25
Attack on Titan: The Final Season Part 2: Two Brothers,2022-01-25
Demon Slayer: Kimetsu no Yaiba: Entertainment District Arc: Gathering,2022-01-25
Pain & Gain,2022-01-24
Red Notice,2022-01-24
Things Heard & Seen,2022-01-23
The Woman in the Window,2022-01-23
How I Became a Superhero,2022-01-22
Seven,2022-01-22
Fractured,2022-01-22
Shutter Island,2022-01-22
Photocopier,2022-01-22
The 36th Chamber of Shaolin,2022-01-22
The Trip,2022-01-21
Mina-Anud,2022-01-21
Rogue City,2022-01-21
Sherlock Holmes,2022-01-20
Sherlock Holmes: A Game of Shadows,2022-01-20
I Care a Lot,2022-01-20
Sicario: Day of the Soldado,2022-01-19
Demon Slayer: Kimetsu no Yaiba: Entertainment District Arc: Transfiguration,2022-01-19
The Last Days of American Crime,2022-01-19
Thunder Force,2022-01-19
DOTA: Dragon's Blood: Book 2: The Violet Hour,2022-01-19
DOTA: Dragon's Blood: Book 2: The Hyacinth Girl,2022-01-19
DOTA: Dragon's Blood: Book 2: The Burial of the Dead,2022-01-19
DOTA: Dragon's Blood: Book 2: Desolate and Empty the Sea,2022-01-19
DOTA: Dragon's Blood: Book 2: The Lady of Situations,2022-01-19
"DOTA: Dragon's Blood: Book 2: My Sword, My Life",2022-01-19
DOTA: Dragon's Blood: Book 2: Nothing with Nothing,2022-01-19
DOTA: Dragon's Blood: Book 1: A Game of Chess,2022-01-19
Bulletproof,2022-01-17
Attack on Titan: The Final Season Part 2: Sneak Attack,2022-01-17
Joker,2022-01-17
San Andreas,2022-01-17
Copshop,2022-01-16
Takers,2022-01-16
Will You Marry,2022-01-16
Peninsula,2022-01-15
Outlaw King,2022-01-15
Brazen,2022-01-15
Fate/stay night: Unlimited Blade Works: Part 2: Unlimited Blade Works,2022-01-14
Fate/stay night: Unlimited Blade Works: Part 2: Incarnation,2022-01-14
Fate/stay night: Unlimited Blade Works: Part 2: The Beginning of the Circle,2022-01-14
Fate/Stay Night: Heaven's Feel - I. Presage Flower,2022-01-14
Dynasty Warriors,2022-01-13
Anatomy,2022-01-13
The Wandering Earth,2022-01-13
Queen & Slim,2022-01-13
Suits: Season 3: I Want You to Want Me,2022-01-13
Knowing,2022-01-13
"Game Over, Man!",2022-01-13
Little Evil,2022-01-12
Apostle,2022-01-12
The Ritual,2022-01-12
Manifest: Season 1: Reentry,2022-01-12
Manifest: Season 1: Pilot,2022-01-12
The Babysitter,2022-01-11
Attack on Titan: The Final Season Part 2: Judgment,2022-01-11
Demon Slayer: Kimetsu no Yaiba: Entertainment District Arc: Layered Memories,2022-01-11
Emily in Paris: Season 2: French Revolution,2022-01-11
Emily in Paris: Season 2: Scents & Sensibility,2022-01-11
The Babysitter: Killer Queen,2022-01-11
A Bittersweet Life,2022-01-11
The Wasteland,2022-01-10
Taxi Driver: Episode 1,2022-01-10
Emily in Paris: Season 2: Champagne Problems,2022-01-10
"Emily in Paris: Season 2: The Cook, the Thief, Her Ghost and His Lover",2022-01-10
Emily in Paris: Season 2: Boiling Point,2022-01-10
Emily in Paris: Season 2: An Englishman in Paris,2022-01-09
Emily in Paris: Season 2: Jules and Em,2022-01-09
Emily in Paris: Season 2: Bon Anniversaire!,2022-01-09
Emily in Paris: Season 2: Do You Know the Way to St. Tropez?,2022-01-09
Emily in Paris: Season 2: Voulez-Vous Coucher Avec Moi?,2022-01-09
Dead Silence,2022-01-09
Savages,2022-01-08
The Witcher: Season 2: Family,2022-01-08
The Witcher: Season 2: Voleth Meir,2022-01-08
The Witcher: Season 2: Dear Friend...,2022-01-08
The Witcher: Season 2: Turn Your Back,2022-01-08
The Witcher: Season 2: Redanian Intelligence,2022-01-08
Woke up Like This,2022-01-08
Perfume: The Story of a Murderer,2022-01-08
The Witcher: Season 2: What Is Lost,2022-01-08
The Witcher: Season 2: Kaer Morhen,2022-01-08
The Witcher: Season 2: A Grain of Truth,2022-01-08
The Characters of the Continent,2022-01-08
Blackhat,2022-01-08
Mother/Android,2022-01-07
Four Brothers,2022-01-07
The Remaining,2022-01-07
Sniper: Ultimate Kill,2022-01-06
Mute,2022-01-05
Mobile Suit Gundam UC: Day of the Unicorn,2022-01-05
Mobile Suit Gundam Hathaway,2022-01-05
Devour,2022-01-05
Unbroken,2022-01-05
The Da Vinci Code,2022-01-04
American Pie Presents: Beta House,2022-01-04
American Pie Presents: Band Camp,2022-01-04
Ad Astra,2022-01-04
Beowulf,2022-01-03
Marco Polo: One Hundred Eyes,2022-01-03
Demon Slayer: Kimetsu no Yaiba: Entertainment District Arc: Things Are Gonna Get Real Flashy!,2022-01-03
He Never Died,2022-01-02
THE CRAZIES,2022-01-02
Accident,2022-01-02
IRIS New Generation: The Movie,2022-01-02
The Net,2022-01-01
Blood Red Sky,2022-01-01
Inglourious Basterds,2022-01-01
Demon Slayer: Kimetsu no Yaiba: Entertainment District Arc: Tonight,2021-12-31
1922,2021-12-31
The Shepherd,2021-12-30
City Hunter,2021-12-30
The Myth,2021-12-29
Kung Fu Jungle,2021-12-29
Psychokinesis,2021-12-29
Triple Threat,2021-12-28
Deep Impact,2021-12-28
There's Someone Inside Your House,2021-12-28
Robin Hood,2021-12-27
Awake,2021-12-27
The Silent Sea: The Silent Sea,2021-12-26
The Silent Sea: Luna,2021-12-26
The Silent Sea: Key to Salvation,2021-12-26
The Silent Sea: Secret Storage,2021-12-26
The Silent Sea: The Truth Comes Out,2021-12-26
The Silent Sea: Cause of Death,2021-12-26
The Silent Sea: Three Storages,2021-12-26
The Silent Sea: Balhae Lunar Research Station,2021-12-26
Aquaman,2021-12-25
The Purge: Election Year,2021-12-25
The November Man,2021-12-25
Starship Troopers 2: Hero of the Federation,2021-12-24
The General's Daughter: Episode 3,2021-12-23
The General's Daughter: Episode 2,2021-12-23
The General's Daughter: Episode 1,2021-12-23
Man on Fire,2021-12-23
Eraser,2021-12-22
Hanna,2021-12-22
Street Kings,2021-12-22
Bruised,2021-12-21
Perfect Stranger,2021-12-21
Under Siege,2021-12-21
Green Zone,2021-12-21
Demon Slayer: Kimetsu no Yaiba: Entertainment District Arc: What Are You?,2021-12-20
"Demon Slayer: Kimetsu no Yaiba: Tanjiro Kamado, Unwavering Resolve Arc: Cruelty",2021-12-20
Don't Let Go,2021-12-20
Under Suspicion,2021-12-19
Steel Rain,2021-12-19
"SHAMAN KING: The Great Onmyoji, Hao Asakura",2021-12-19
SHAMAN KING: The Boy Who Dances with Ghosts,2021-12-19
